cg_mmm_worlds_2019_0000000003.png,10010 10011 3003 4003 6006 6011 6012 7006 7009 9010
cg_mmm_worlds_2019_0000000042.png,12011 12012 13010 2003 2004 7003 7012 8006 8007 8012
cg_mmm_worlds_2019_0000000067.png,1003 1004 12011 13010 13011 2004 3005 4005 4008 4009 7006 7007 8006
cg_mmm_worlds_2019_0000000102.png,12010 13010 13011 3003 4003 4005 8006 9006
cg_mmm_worlds_2019_0000000140.png,10007 10012 11011 12012 3001 4001 7007 8008 8009 9007
cg_mmm_worlds_2019_0000000172.png,10012 10013 11011 11012 12012 3003 3004 3006 6008 7007 7008
cg_mmm_worlds_2019_0000000180.png,10012 10013 11010 11011 11012 3002 3004 3005 3006 4005 8007 9007
cg_mmm_worlds_2019_0000000227.png,11011 12011 2001 2002 3002 4002 7007 8006 8007 8008 9008 9012
cg_mmm_worlds_2019_0000000273.png,11003 11011 11012 12010 13011 3002 4001 4002 7007 8003 8004 9010
cg_mmm_worlds_2019_0000000312.png,11010 12010 12011 3002 3003 4002 6008 7008 8007 8008
cg_mmm_worlds_2019_0000000318.png,10007 10009 11007 11008 11011 12010 12011 13010 3002 3003 4002 5001 9008
cg_mmm_worlds_2019_0000000374.png,1012 1013 11010 11011 11012 12011 6003 6004 6009 6010 7007 7009 8001 8006 8007 8009 8010 9001
cg_mmm_worlds_2019_0000000429.png,10012 10013 11012 11013 12012 2001 2002 3002 3003 5005 6006 7007 8007
cg_mmm_worlds_2019_0000000484.png,10001 10002 10012 1012 1013 11012 12010 12011 4001 6003 6004 7004 7007 8007
cg_mmm_worlds_2019_0000000526.png,2002 2003 3002 3003 4005 5005 5006 6007 6008 8011 9011
cg_mmm_worlds_2019_0000000532.png,10012 1013 12008 3004 5002 5006 6001 6002 6007 7003 7006 8003
cg_mmm_worlds_2019_0000000534.png,11011 11012 4002 4004 4005 5002 6006 7006 7007
cg_mmm_worlds_2019_0000000544.png,11011 12010 3002 3004 4002 4004 6005 6006 8006 8007
cg_mmm_worlds_2019_0000000570.png,11011 2002 2003 2006 3001 3002 4005 4006 6004 6005 7006 9011
cg_mmm_worlds_2019_0000000622.png,3002 3003 4001 4002 6003 6004 7003 7004 9005 9009 9010
cg_mmm_worlds_2019_0000000674.png,12010 12012 3005 6006 7003 7004 8006 8007 9001 9002 9003
cg_mmm_worlds_2019_0000000721.png,11009 11010 12010 12011 13009 3011 4002 6002 7007 8007
cg_mmm_worlds_2019_0000000760.png,1011 11008 12009 3003 3004 4004 4005 4010 7006 8006 8008 8009
cg_mmm_worlds_2019_0000000815.png,10005 10006 1012 1013 11005 2009 2010 3003 8001 9005
cg_mmm_worlds_2019_0000000874.png,10009 11009 12009 3002 5002 7007 8005 8006 8009 8011 9005
cg_mmm_worlds_2019_0000000935.png,6001 6002 7006 8006 8007 9006 9007
cg_mmm_worlds_2019_0000001164.png,6003 7001 7002 7003 8004 8005
cg_mmm_worlds_2019_0000001185.png,10002 9001 9002 9003
cg_uol_worlds_2019_0000000001.png,10008 10009 2003 3003 4003 5007 5008 6009 7006 7007 8006 8007 8010
cg_uol_worlds_2019_0000000002.png,10009 10010 4003 7007 7008 7009
cg_uol_worlds_2019_0000000031.png,1002 2001 2002 5008 6008 6010 7010 7011 8011
cg_uol_worlds_2019_0000000068.png,13008 2003 2004 3003 3006 4006 7006 8005 8006
cg_uol_worlds_2019_0000000070.png,1004 12009 13009 2006 2007 3004 3006 6007 7006
cg_uol_worlds_2019_0000000117.png,1002 1003 12009 12010 12011 2001 2002 2003 5006 5007 6006 6007 8011 9011
cg_uol_worlds_2019_0000000153.png,11010 11011 12009 12010 13009 13010 4006 4007 5001 6002 6003 6007 7006 7007 8006 8007
cg_uol_worlds_2019_0000000169.png,11010 11011 12010 12011 2001 2002 2006 3001 5006 6006
cg_uol_worlds_2019_0000000214.png,10008 10009 10011 1003 1012 1013 11011 11012 12 12010 13 2003 3003 6004 6005 6006 6007 7004 7005
cg_uol_worlds_2019_0000000221.png,11009 12009 12010 13009 13010 2012 3002 3003 7007
cg_uol_worlds_2019_0000000265.png,10007 10008 10010 10011 10012 11011 2007 2008 3001 6011 7007 7008 7010 7011 9012 9013
cg_uol_worlds_2019_0000000308.png,11011 12011 2012 3002 6007 7006 7007 8007
cg_uol_worlds_2019_0000000316.png,10012 1002 1003 11010 11011 11012 2002 5004 5008 5009 6004 6007 6008
cg_uol_worlds_2019_0000000362.png,11010 11011 12010 12011 2002 2003 3002 3003 4005 5005 5006
cg_uol_worlds_2019_0000000371.png,12010 12011 3001 3002 5004 5005 7006 8006
cg_uol_worlds_2019_0000000409.png,11010 11011 12009 12010 12011 2001 5006 5007 6007 7006
cg_uol_worlds_2019_0000000436.png,13010 2004 3004 6004 6005 7007 8010 8011
cg_uol_worlds_2019_0000000455.png,3005 4004 4005 4007 4008 4009 6006 6007
cg_uol_worlds_2019_0000000496.png,3005 3006 4007 4008 5007
cg_uol_worlds_2019_0000000560.png,11011 11012 2003 3003 4006 5004 5005 6006 7007 8007
cg_uol_worlds_2019_0000000562.png,10012 1004 3004 3006 3007 4005 6007 7006 8008 8010
cg_uol_worlds_2019_0000000607.png,12003 5012 6005 8004 8009 9004 9009
cg_uol_worlds_2019_0000000627.png,12010 12011 2007 2008 3001 3002 4001 5006 8007 9010 9011
cg_uol_worlds_2019_0000000650.png,11011 11012 12010 2002 3002 5008 7006 7008 8001 8008 9008
dfm_spy_worlds_2019_0000000006.png,10008 10009 12001 13001 2011 2012 3004 3005 4002 4005 4006 6004 6005 6007 6010 6011 9007 9008
dfm_spy_worlds_2019_0000000053.png,11011 12011 2001 2002 4002 4003 6003 7003 7006 7007 7011 9011
dfm_spy_worlds_2019_0000000106.png,10006 11007 11008 11010 11011 12010 12011 2001 2006 3001 3002 3006 7005 7006 8006
dfm_spy_worlds_2019_0000000153.png,10011 11011 11012 12011 3001 3002 4001 6007 7007 7009 8009 9011
dfm_spy_worlds_2019_0000000204.png,10003 10011 10012 11011 11012 12011 2001 3001 4001 4002 5007 5008 8011
dfm_spy_worlds_2019_0000000246.png,1004 11009 12009 12011 2001 2002 3007 3008 4012 4013 5012 5013 6002 6005 6006 7006
dfm_spy_worlds_2019_0000000289.png,11010 11011 12009 2002 2003 4001 5007 5008 6008 7005 7006 9006 9007
dfm_spy_worlds_2019_0000000342.png,10009 11011 11012 12011 2001 2002 3001 6007 7008 8008 9011
dfm_spy_worlds_2019_0000000384.png,10011 10012 11007 11011 11012 13000 13001 2001 2002 2003 6006 7006 8006
dfm_spy_worlds_2019_0000000449.png,10002 10003 10012 1003 1004 11011 11012 3012 3013 6003 6007 7003 7006 7007 9012
dfm_spy_worlds_2019_0000000504.png,10009 10010 10011 1002 1004 1005 11010 11012 12010 12011 12012 6006 6007 7007 9010 9011
dfm_spy_worlds_2019_0000000559.png,10008 12009 12010 3003 4001 7007 7008 8010 9008 9011
dfm_spy_worlds_2019_0000000619.png,10005 10006 1001 1002 1003 12011 12012 2001 2002 4004 4010 4011 5012 5013 7012 8005 8006 9005 9006
dfm_spy_worlds_2019_0000000670.png,10010 10011 10012 11010 11011 12010 2001 2002 3001 3002 7006 7007 7008 8006 8007 8008
dfm_spy_worlds_2019_0000000724.png,10010 1012 11010 12 8009 8010 8011 8012
dfm_spy_worlds_2019_0000000735.png,10011 11007 11008 11011 6011 7006 7007 8006 8007 9009 9011
dfm_spy_worlds_2019_0000000878.png,10007 10010 11009 13008 13009 14008 2004 3004 8007
dfm_spy_worlds_2019_0000000898.png,10010 1005 11008 11010 11011 3004 3005 6004 7005 7006 9008
dfm_spy_worlds_2019_0000001016.png,12010 12011 3002 6004 7003 7005 7006 8005 8006
dfm_spy_worlds_2019_0000001084.png,10008 10009 11009 8008 9008 9009
dfm_spy_worlds_2019_0000001191.png,10010 10011 12009 12010 12011 4001 5001 5002 6006 7006 7007 8005 8006 9006
dfm_spy_worlds_2019_0000001199.png,10004 11002 11003 11011 12009 12010 12011 2002 3001 3002 5006 6007 8005 8006 9004
fla_ryl_worlds_2019_0000000002.png,4003 6005 7006 8008 9010 9011
fla_ryl_worlds_2019_0000000047.png,12010 12011 3002 4005 7006 7007 8006
fla_ryl_worlds_2019_0000000063.png,11010 11011 11012 12010 12011 12012 2001 2002 2006 3001 3006 5002 6002 6007 7006
fla_ryl_worlds_2019_0000000085.png,12010 12011 13009 13010 3001 3002 4001 5001 7006 7008 7009 8006
fla_ryl_worlds_2019_0000000145.png,10009 10011 10012 11011 12001 3001 4001 6007 7013 8013 9009 9012 9013
fla_ryl_worlds_2019_0000000336.png,10010 11007 11008 11009 11011 12010 12011 2002 2011 2012 3001 3002 3012 7006 7007
fla_ryl_worlds_2019_0000000354.png,11009 12009 12010 13009 13010 13011 4001 5000 5001 6000 7006 7007
fla_ryl_worlds_2019_0000000438.png,10008 10009 11008 11009 11010 11011 12010 12011 2002 3001 3002 4001 7006 7007 8006
fla_ryl_worlds_2019_0000000542.png,13009 3012 4002 4003 4005 5003 5005 5006 6005 6006 8006
fla_ryl_worlds_2019_0000000555.png,1003 1004 12009 2003 2005 3003 3004 4003 4004 4005 6007 7006 7007 7012
fla_ryl_worlds_2019_0000000706.png,2001 3001 3002 4002 6000 6001 7012 8010 8011 8012 9012
fla_ryl_worlds_2019_0000000758.png,6008 7006 7007 7008 7009 8005 8006 8008
fla_ryl_worlds_2019_0000000842.png,1002 1003 12009 12010 12011 6001 6002 6003 6005 6006 6007 6008 7005 7006 7008 7009
fla_ryl_worlds_2019_0000000901.png,1003 1004 1008 1009 11010 12009 12010 5008 5009 6009 8008 8009 9
fla_ryl_worlds_2019_0000000927.png,12010 12011 13011 2007 5008 6008 6009 8006 8008 8009
fla_ryl_worlds_2019_0000000990.png,10003 1011 1012 11003 11011 11012 12012 13000 2011 3001 5007 5008 6006 6007 7004 7005 7006
fla_ryl_worlds_2019_0000001040.png,2006 3006 6005 6006 6007 6008 7005 7008 8006
fla_ryl_worlds_2019_0000001077.png,2004 3004 3005 4004 4006 5007
fla_ryl_worlds_2019_0000001139.png,10007 10008 10009 11007 2011 2012 3010 3011 3012 4011
fla_ryl_worlds_2019_0000001168.png,4012 5011 5012 6011 6012
fla_ryl_worlds_2019_0000001195.png,1011 1012 2011 2012
hka_lk_worlds_2019_0000000001.png,10009 10010 3004 3005 4003 4006 6004 6007 7006 7009 9007 9008
hka_lk_worlds_2019_0000000004.png,10007 11008 5002 5003 7004 7006 7007 8006
hka_lk_worlds_2019_0000000135.png,10008 1003 1004 11009 11010 11011 12009 12010 2003 5007 5008 6007 6008 7007 9008 9009
hka_lk_worlds_2019_0000000190.png,11007 11009 11010 11011 12003 12010 13009 13010 4001 5001
hka_lk_worlds_2019_0000000273.png,11000 11010 11011 12000 12010 12011 2002 6004 6005 6006 6007 6008 6009 7004
hka_lk_worlds_2019_0000000495.png,10010 10011 10012 11011 12010 12011 2001 2002 6006 6007 7006 7007 8007
hka_lk_worlds_2019_0000000510.png,11008 11009 11010 11011 11012 12009 3001 4001 5001 7006 7007
hka_lk_worlds_2019_0000000563.png,10011 12007 12008 3001 4001 5008 5009 6009 7006 9011
hka_lk_worlds_2019_0000000707.png,10007 10010 10011 12008 12009 6001 6004 6007 7004 7005 7009 8005 8006 8009 9006 9007 9010
hka_lk_worlds_2019_0000000780.png,10009 10010 6001 7000 7001 7006 8006 9007 9008 9009 9011 9012
hka_lk_worlds_2019_0000000787.png,4001 5001 6001 6005 6006 6007 7006 7007 7010 7013 8007 8008 8010 8013 9011
hka_lk_worlds_2019_0000000848.png,11005 11006 11008 11009 12005 12006 12008 12009 8011 9011
hka_lk_worlds_2019_0000000909.png,10006 10007 11006 11007 2001 3002 5002 6002 6007 7006 7008 8006 8007 8008 8009
hka_lk_worlds_2019_0000001026.png,10008 10009 7008 8008 9007 9008
hka_lk_worlds_2019_0000001035.png,12000 13000 13001 13009 6002 6003 6005 7005
hka_lk_worlds_2019_0000001079.png,13009 2003 3003 4003 7004 7005 7006 8005 8006 8007
hka_lk_worlds_2019_0000001144.png,10008 1011 1012 3011 7004 8002 8003 8004 8005 9002 9003
hka_lk_worlds_2019_0000001177.png,5003 5004 5005 6004 6005 7005
hka_lk_worlds_2019_0000001199.png,4001 4002 5003 5004 9005
lk_mg_worlds_2019_0000000000.png,11011 3005 4004 4005 6006 6007 7007 7008 7009 7010
lk_mg_worlds_2019_0000000003.png,10009 1013 11011 2013 3004 4003 4004 5004 6005 6006 6007 7005 8006 8007 9008
lk_mg_worlds_2019_0000000044.png,10006 12009 12011 13011 13012 4003 5003 6003 6004 7004 7005 7006 8006 8007
lk_mg_worlds_2019_0000000132.png,11012 3002 4002 4005 7007 7008 7009 7010 8007
lk_mg_worlds_2019_0000000194.png,10012 10013 1003 1013 11013 2002 2003 3002 3003 6007 6008 7007 7008
lk_mg_worlds_2019_0000000229.png,11012 13002 3003 4002 6003 7003 7007 7008 8012 9011 9012
lk_mg_worlds_2019_0000000318.png,10012 10013 1007 11012 11013 3002 7009 7010 8006 8007 8008 8009 9013
lk_mg_worlds_2019_0000000420.png,10012 10013 11012 11013 12008 12012 12013 3002 4002 5002 6007 7007 8006 9006
lk_mg_worlds_2019_0000000522.png,1013 1014 11011 11012 11013 13 14 2002 2003 4006 4007 5006 5007 6007 6008
lk_mg_worlds_2019_0000000545.png,10009 1013 12011 3003 4012 5006 5013 6013 8005 8007 9001 9002 9005 9009
lk_mg_worlds_2019_0000000638.png,10010 10011 11011 11012 12011 12012 3002 4002 8007 8008 9011
lk_mg_worlds_2019_0000000667.png,3002 3003 4002 4006 4008 5005 5006 5008 6006 7007 7008 8008 9012 9013
lk_mg_worlds_2019_0000000722.png,3002 4002 4006 5005 5006 5008 6005 6006 6007 7007 8008 9012
lk_mg_worlds_2019_0000000807.png,10003 10004 10010 10011 11004 11010 11011 3012 4001 4002 6007 6009 7002 7007 8002 8006 8012 8013
lk_mg_worlds_2019_0000000819.png,1013 1014 6001 6002 6005 6007 6008 6009 6010 7007 7008 7009 7010 7012 7013 8012 8013
lk_mg_worlds_2019_0000000907.png,10011 10012 11011 7002 8006 8007 8009 8010 9008 9009
lk_mg_worlds_2019_0000000944.png,10011 11001 11012 11013 12008 4001 4002 7005 7007 8004 8005 8007 8008 8012 9012 9013
lk_mg_worlds_2019_0000000996.png,10007 10008 12011 7001 7002 7007 8007 9007 9008
lk_mg_worlds_2019_0000000997.png,10007 10008 10010 10011 11007 11008 12011 5005 5006 6005 6006 7001 7002 7007 7010 8007 9007 9008
dwg_ryl_worlds_2019_0000000002.png,10007 10009 11007 11008 3004 4004 4005 6009 6010 7006 7007 7012 8007 9012
dwg_ryl_worlds_2019_0000000010.png,10012 2004 2005 6010 7007 7010 9012
dwg_ryl_worlds_2019_0000000070.png,1003 1004 1005 11011 12010 12011 2002 6007 6009 7003 7004
dwg_ryl_worlds_2019_0000000116.png,1003 1004 12011 12012 2003 2006 3003 3006 5010 5011 7006 7007
dwg_ryl_worlds_2019_0000000163.png,12010 13010 2003 3002 3003 4002 4011 4012 4013 7006 7007 7008 8006 8011
dwg_ryl_worlds_2019_0000000193.png,10010 1010 1011 12011 13001 3003 7007 8007 8008 9010
dwg_ryl_worlds_2019_0000000243.png,11011 12010 12011 2002 2003 4008 5008 6007 8006 9005 9006
dwg_ryl_worlds_2019_0000000262.png,11010 11011 12010 12011 12012 2003 2004 3005 3006 5008 5009
dwg_ryl_worlds_2019_0000000370.png,10012 10013 11012 2002 2003 6010 6013 7005 7007 7010
dwg_ryl_worlds_2019_0000000388.png,1012 1013 11011 11012 2002 2003 3002 3003 4007 8006
dwg_ryl_worlds_2019_0000000427.png,10008 11012 11013 3002 4001 4002 5011 6007 6011 9008
dwg_ryl_worlds_2019_0000000473.png,10010 4002 5002 8007 9010
dwg_ryl_worlds_2019_0000000514.png,12008 12009 12010 13007 3002 3003
dwg_ryl_worlds_2019_0000000597.png,10009 11011 11012 12011 2002 2003 2004 2012 7007
dwg_ryl_worlds_2019_0000000619.png,1013 12010 2002 2003 3003 3004 3006 3007 7005 7007 7009 8005 8007
dwg_ryl_worlds_2019_0000000657.png,10011 11010 11011 11012 12010 2003 3003 6007 7006 7007 8006 9007
dwg_ryl_worlds_2019_0000000716.png,10012 10013 11012 11013 13001 2011 3011 5001 5002 5008 6007 6008 6012 6013 9013
dwg_ryl_worlds_2019_0000000781.png,10006 10007 10009 10010 11006 11007 11009 11010 12007 8008 9007 9008
dwg_ryl_worlds_2019_0000000824.png,10007 2003 3003 3006 4006 5005 5009 6008 7005 9007
dwg_ryl_worlds_2019_0000000869.png,12009 12010 5003 6002 6006 7002 7006 7007
dwg_ryl_worlds_2019_0000000928.png,6005 9007
dwg_ryl_worlds_2019_0000000956.png,12010 2011 5008 6007 6008
hka_mg_worlds_2019_0000000001.png,10009 3004 4003 4004 5006 5012 6004 6005 6007 7006 7007 9012
hka_mg_worlds_2019_0000000119.png,11011 11012 12011 2003 2004 3003 6008 7005 7007 7008 8005
hka_mg_worlds_2019_0000000153.png,10012 10013 11012 12001 2003 3006 4006 6007 6008 8007
hka_mg_worlds_2019_0000000231.png,1009 11011 12010 12011 13010 3002 8004 8005 8007 9008 9010
hka_mg_worlds_2019_0000000262.png,10007 11010 11011 12011 2003 2004 3003 6007 6008 8007 9007
hka_mg_worlds_2019_0000000365.png,1011 11012 12010 12011 12012 2002 2003 3002 6002 6008 7007 7008
hka_mg_worlds_2019_0000000465.png,11008 11012 12008 12011 12012 2003 2004 3006 4006 5006 5007 9007
hka_mg_worlds_2019_0000000473.png,11008 11010 11011 11012 12011 2003 3002 3003 3004 7007 8007
hka_mg_worlds_2019_0000000561.png,10009 10011 10012 11011 2003 2004 3004 4002 7004 7005 7006 8004 8005 8009 9009 9012
hka_mg_worlds_2019_0000000588.png,10012 10013 3002 3003 5002 5004 5005 5006 8009 9008 9009
hka_mg_worlds_2019_0000000700.png,11011 11012 12011 2001 2002 3002 6006 6008 7006 7007 8007 8011
hka_mg_worlds_2019_0000000721.png,10010 10011 10012 11012 2003 5006 5007 6006 6007 7006 7007
hka_mg_worlds_2019_0000000821.png,10006 12007 12008 6008 7007 7008 8007 9006 9007 9010
hka_mg_worlds_2019_0000000879.png,1007 12002 12003 2007 3006 4006 6005 7003 8003
hka_mg_worlds_2019_0000000930.png,10008 1006 11008 11012 13001 2006 6002 7006 7007 7008 8005 8006 8008 9008 9009
hka_mg_worlds_2019_0000001015.png,10011 10012 2002 2003 3006 5004 6004 6007 7007 7008 8006 8007
hka_mg_worlds_2019_0000001137.png,1001 1002 2001 2002 3001 3002 3003 4001 4002 4003
hka_mg_worlds_2019_0000001196.png,4007 5006 5007 6008 7012 7013 8012 8013
hka_mg_worlds_2019_0000001247.png,3004 3005 3007 3008 4004 4005 4006 4008 5006 6007 6008 6012 7012 7013
hka_mg_worlds_2019_0000001326.png,5007 5008 6006 6007
hka_mg_worlds_2019_0000001360.png,10008 10009 5008 6006 6008 7006 7007 9008 9009
isg_spy_worlds_2019_0000000000.png,10010 11010 3004 3005 4006 5006 7006 7007 8006 8007
isg_spy_worlds_2019_0000000065.png,12010 13010 2002 3002 4002 4003 7007 7008
isg_spy_worlds_2019_0000000123.png,11001 11002 12001 2002 2003 3002 5004 6004
isg_spy_worlds_2019_0000000151.png,1012 12002 12010 2006 4001 6007 6010 6011 7007 7011 7012 8007 8011 8012
isg_spy_worlds_2019_0000000222.png,11008 11011 12008 12010 12011 12012 3002 3003 7006 7007 8006
isg_spy_worlds_2019_0000000239.png,10011 11010 11011 2002 2003 7007
isg_spy_worlds_2019_0000000288.png,10012 2003 2004 4007 5007 6005 7004 7005 8001 8006
isg_spy_worlds_2019_0000000339.png,1004 12010 13001 13010 2004 4004 4005 5004 5005 5010 5011 6008 7007
isg_spy_worlds_2019_0000000388.png,12009 2004 4005 5005 6005 6006 6007
isg_spy_worlds_2019_0000000424.png,10001 10004 10005 1005 1006 1012 11006 11007 12010 12011 2006 5002 5003 6007 7006 7007 8007 9007
isg_spy_worlds_2019_0000000490.png,12010 3002 3003 6007 7007 7008 8006 8007 8009
isg_spy_worlds_2019_0000000499.png,3002 4001 4002 6007 7006 7007 8006 8008 8009 9008 9010 9011
isg_spy_worlds_2019_0000000500.png,10009 10011 3002 3003 4002 6007 6008 7007 7008 8009 9009
isg_spy_worlds_2019_0000000557.png,10008 10011 10012 10013 11012 13000 13001 2003 7007 7008 8006 8009 9008
isg_spy_worlds_2019_0000000612.png,11007 12002 12003 12007 13001 13002 3003 4002 4003
isg_spy_worlds_2019_0000000638.png,10009 10013 11009 12008 12009 13008 3002 4001 4002 9013
isg_spy_worlds_2019_0000000723.png,11003 11004 12007 12008 3002 3003 7006 7007 8006
isg_spy_worlds_2019_0000000774.png,10012 10013 6008 7006 7007 8007
isg_spy_worlds_2019_0000000836.png,5002 6005 6006 6007 6008 7005 7006 7007
isg_spy_worlds_2019_0000000843.png,2002 4006 4007 4008 5007 5008 6007 6008 8009 8010
isg_spy_worlds_2019_0000000908.png,1006 1007 11010 11011 13000 13001 2006 7006 7007
isg_spy_worlds_2019_0000000960.png,5008 5009 6006 6009 6011 7007 7008 7009 7010 7011 8008 8009 8011 8012
isg_spy_worlds_2019_0000000982.png,2006 6005 6006 7005 7006 7007 8008 8009 8012
isg_spy_worlds_2019_0000000999.png,5007 6006 6007 7008 7009 8004 8005 8006
mmm_uol_worlds_2019_0000000005.png,10008 10009 10010 10011 3005 4003 4005 4006 5004 5006 6004 6005 6007 7006 7007 7009 8007 9008
mmm_uol_worlds_2019_0000000014.png,11010 4005 5006 7007 7008 8009
mmm_uol_worlds_2019_0000000118.png,11012 12009 12012 2003 2004 4006 4008 5006 5008 6008 7007 7008
mmm_uol_worlds_2019_0000000127.png,11010 11011 2004 3007 4007 6006 7006 7007
mmm_uol_worlds_2019_0000000229.png,1004 1005 12010 12011 12012 13010 2003 2004 2005 6002 6003 7006 7007 7008 8012
mmm_uol_worlds_2019_0000000252.png,10009 10010 1004 11009 12010 12011 2004 2005 7007 7008 9010
mmm_uol_worlds_2019_0000000323.png,1003 1004 11011 12010 12011 2003 2004 2005 2006 4007
mmm_uol_worlds_2019_0000000383.png,11010 11011 12010 12011 4002 4009 4010 4011 7007 7008
mmm_uol_worlds_2019_0000000423.png,1008 11012 12011 12012 12013 13011 2008 3002 4002 6008 8012
mmm_uol_worlds_2019_0000000482.png,10012 10013 2011 3002 3010 3011 9012
mmm_uol_worlds_2019_0000000506.png,10012 10013 11011 11012 3002 4002 4003 4004 4005 5008 6007 6008
mmm_uol_worlds_2019_0000000556.png,11011 12011 2003 3003 6008 6009 7007
mmm_uol_worlds_2019_0000000621.png,1011 1012 11 12 4011 5011 5012 6011
mmm_uol_worlds_2019_0000000647.png,2002 3002 4001 4002 4003 5002 5003 5012 6012
mmm_uol_worlds_2019_0000000724.png,11011 2004 3011 5006 7006 7007 8010 8011
mmm_uol_worlds_2019_0000000728.png,1004 1013 11012 12012 13001 2004 4005 4010 4011 6007 7007 8004 8011 8012 9004
mmm_uol_worlds_2019_0000000817.png,11011 11012 12012 2003 3003 3007 4007 6007
mmm_uol_worlds_2019_0000000839.png,11011 12001 12011 13001 13002 3012 4001 4002 5008 5009 5012 6008
mmm_uol_worlds_2019_0000000923.png,3002 3005 3006 4005 4006 4007 5007 6009 9011 9012
mmm_uol_worlds_2019_0000000926.png,10004 10012 12006 13006 2002 3002 3003 3004 3006 3007 4006 4007 6009 6010 7010 9004 9005
cg_ryl_1_worlds_2019_0000000009.png,10008 10009 3004 4003 4011 6007 6009 7006 8011 9006 9008
cg_ryl_1_worlds_2019_0000000012.png,3004 4011 5011 6007 6009 6010 7007 8011
cg_ryl_1_worlds_2019_0000000160.png,10011 3003 3004 5006 7006 7007
cg_ryl_1_worlds_2019_0000000230.png,10012 10013 11012 2003 2004 3004 6008 7008
cg_ryl_1_worlds_2019_0000000284.png,10012 2012 3002 6009 7007
cg_ryl_1_worlds_2019_0000000444.png,12010 12011 2004 3009 3010 6012 7007 8006
cg_ryl_1_worlds_2019_0000000454.png,10012 1003 12011 2003 3008 5002 6002 6006 8006
cg_ryl_1_worlds_2019_0000000534.png,5005 5006 5007 6007 7006 7007
cg_ryl_1_worlds_2019_0000000537.png,6006 6007 7006 7007
cg_ryl_1_worlds_2019_0000000676.png,1003 11011 11012 2002 7007 8006 8010 8011
cg_ryl_1_worlds_2019_0000000789.png,10009 1006 11011 11012 12011 2003 2006 6005 6006 6007 8005 8008 9009
cg_ryl_1_worlds_2019_0000000861.png,10012 10013 2004 3002 3004 3007 5006 5007 5012 6007 6012
cg_ryl_1_worlds_2019_0000000917.png,10003 10004 10009 11003 11004 11005 11006 12010 12011 13007 13008 13010 2003 3002 3003 9004 9008 9009
cg_ryl_1_worlds_2019_0000001017.png,10011 11011 11012 3002 3006 4005 5005 8005 8006 8007 9010 9011
cg_ryl_1_worlds_2019_0000001090.png,10008 10009 11009 13007 13008 2003 2004 3004 4007 6007 7005 7006 7007 8005 9007 9008
cg_ryl_1_worlds_2019_0000001142.png,10007 5005 6005 6006 7006 7007 9007
cg_ryl_1_worlds_2019_0000001193.png,10005 10006 10007 11005 11006 11007 13007 2002 2003 5006 5007 8006 9004 9005 9006 9007
cg_ryl_1_worlds_2019_0000001197.png,10004 10005 11006 11007 2002 3002 3003 4006 4007 6006 8005 8006 8007 9004 9005
dwg_fla_worlds_2019_0000000009.png,11008 11011 11012 12011 12012 2003 3002 3003 6007 6008 7007 7008
dwg_fla_worlds_2019_0000000064.png,1003 1004 11011 12010 12011 12012 2003 2004 7007 8007
dwg_fla_worlds_2019_0000000123.png,10012 11012 12009 3003 4002 4003 5005 5006 7007 7008
dwg_fla_worlds_2019_0000000130.png,10009 10010 10012 11012 13001 3001 3002 4002 6005 6007 6008 7005 7007 8011
dwg_fla_worlds_2019_0000000225.png,10012 11011 11012 2003 4009 5001 5002 5008 5009 6007 6008 7007 7008 8009
dwg_fla_worlds_2019_0000000313.png,12009 12010 3002 4001 4002 6007 6008 7007 8012 9012
dwg_fla_worlds_2019_0000000457.png,10005 12001 12002 13001 7006 8006 8007 8012 9012
dwg_fla_worlds_2019_0000000459.png,10006 11002 12001 12002 12003 2003 3003 5005 5006 6005 6007 7007 8013
dwg_fla_worlds_2019_0000000582.png,12009 2002 2003 3002 3013 4001 4002 5006 5007 5008 5009 6002 7006 7007 8006 8007
dwg_fla_worlds_2019_0000000628.png,12007 12011 13007 13011 3001 4001 5006 8007 8008
dwg_fla_worlds_2019_0000000728.png,10005 10006 1002 12001 2002 2003 4002 5006 6002 6006 7012 8012 8013
dwg_fla_worlds_2019_0000000772.png,12001 13001 2004 2005 3005 3006 6007 7006 8006
dwg_fla_worlds_2019_0000000818.png,10007 10009 11007 11009 2005 5006 5010 7007 7010 7011 8007
dwg_fla_worlds_2019_0000000912.png,10008 10009 1006 12009 4005 5005 6005 6006 7006 8005 8008 9008 9009
dwg_fla_worlds_2019_0000000939.png,11009 12008 12009 6011 7011 8008 8009
dwg_lk_2_worlds_2019_0000000027.png,10008 6005 7005 7006 9008
dwg_lk_2_worlds_2019_0000000129.png,10012 11011 11012 4001 4002 5002 7003 7004 7006 7007 8003
dwg_lk_2_worlds_2019_0000000244.png,10009 4002 6005 6007 6008 7007
dwg_lk_2_worlds_2019_0000000335.png,11006 11011 12010 12011 4001 4002 5001 7006 7007 8006
dwg_lk_2_worlds_2019_0000000451.png,11007 11008 11011 12007 12010 12011 2002 2003 3002 4002 4003 7006 7007 8006 8007
dwg_lk_2_worlds_2019_0000000534.png,3002 3003 4002 4003 5004 5005 5007 6006 6007 7006
dwg_lk_2_worlds_2019_0000000623.png,10007 11006 11007 12004 12005 12006 3006 4006 5001 5002 6001 6002 7007
dwg_lk_2_worlds_2019_0000000740.png,12007 13007 5001 5002 6001 6002 6004 6005 7004 7005 7006 7007 8002 8006 8007 9002
dwg_lk_2_worlds_2019_0000000832.png,10002 10006 11002 12007 12010 6002 6003 8006 9006 9007 9008
dwg_lk_2_worlds_2019_0000000915.png,10006 12007 12009 13006 13009 6001 6002 8007 9006
dwg_lk_2_worlds_2019_0000001028.png,11007 6003 6004 7003 7004 9005
dwg_lk_2_worlds_2019_0000001143.png,10004 10005 12008 6003 6007 7003 7004 7007
dwg_lk_3_worlds_2019_0000000005.png,10008 10009 4003 4004 4005 5003 5005 5006 6005 6008 7005 7006 7008 9008
dwg_lk_3_worlds_2019_0000000232.png,11009 12009 12010 12011 12012 13009 3001 3002 4001 4002 5001 5002 6004 6005 7005 8006
dwg_lk_3_worlds_2019_0000000608.png,10009 10010 11008 11009 11010 12010 12011 3002 7009 8009 9009
dwg_lk_3_worlds_2019_0000000753.png,1004 2004 3007 4007 6006
dwg_lk_3_worlds_2019_0000000852.png,10004 1006 1007 12002 13002 2006 3006 9005
dwg_lk_3_worlds_2019_0000001031.png,11005 2002 6003 7001 7002 7003 8003 8005 9003 9004 9005
dwg_lk_3_worlds_2019_0000001196.png,7001 7002 8001 8002 9002
dwg_lk_4_worlds_2019_0000000004.png,10009 11009 4005 4006 4007 5003 5006 6004 6005 7007 7009 8011
dwg_lk_4_worlds_2019_0000000197.png,12001 12011 12012 13001 2002 3001 3002 6007 7006 7007
dwg_lk_4_worlds_2019_0000000560.png,10012 1006 1007 11012 12001 13002 13003 2005 2006 7007 7008 7009 8011
dwg_lk_4_worlds_2019_0000000748.png,10012 10013 11012 3002 3003 3007 3010 4009 4010 5008 5009 6002 6003 7009 9012 9013
dwg_lk_4_worlds_2019_0000000914.png,1007 1013 3010 4010 4011 4012 5011 6011 6012 6013 7011 7012 7013
dwg_lk_4_worlds_2019_0000000998.png,2012 3012 4010 4011 5004 6009 7006 7007 8010 8011
dwg_lk_worlds_2019_0000000085.png,10012 4002 5002 5003 6002 6003 6007 7007 9012
dwg_lk_worlds_2019_0000000145.png,10012 1013 11011 11012 2009 2010 3009 3010 3011 6007 7007 9012
dwg_lk_worlds_2019_0000000232.png,10011 10012 1012 4001 4002 6007 6009 7007 8006 8012 9012
dwg_lk_worlds_2019_0000000299.png,1011 1012 12010 2011 2012 4012 5012 9012
dwg_lk_worlds_2019_0000000451.png,10012 4006 5002 5003 5007 6002 6003 9012
dwg_lk_worlds_2019_0000000552.png,4008 5008 6007 6008
dwg_lk_worlds_2019_0000000655.png,1004 1005 6007 6008 7007 7008 8010 8011 8012
dwg_lk_worlds_2019_0000000772.png,10008 12005 2005 2006 6007 6009 7007 8007
dwg_lk_worlds_2019_0000000868.png,12010 3001 3002 4001 4002 5001 5002 6001 6002
dwg_lk_worlds_2019_0000000997.png,6003 6004 7003 7004 9006
dwg_lk_worlds_2019_0000001090.png,1004 1005 12007 13007 2004 2005 5006 6007 6008 7007 7008 8005 9005
dwg_lk_worlds_2019_0000001169.png,5006 5007 6006 6007 6009 6010 7006 7007
dwg_lk_worlds_2019_0000001255.png,12006 12007 12008 13006 13007 13008
dwg_lk_worlds_2019_0000001343.png,2011 4001 4002 4006 5006 5007 6007 6009 7006 8005 8006
dwg_lk_worlds_2019_0000001417.png,5007 5008 5009 5010 6007 6008 6009 7007 7009
dwg_lk_worlds_2019_0000001464.png,5008 6007 6008 7007
fla_ryl_2_worlds_2019_0000000050.png,10012 12011 12012 2006 3005 3006 3008 6003 6007 7003 7004 7006 7007
fla_ryl_2_worlds_2019_0000000115.png,10012 11011 11012 12011 12012 2002 2003 6007 6008 7004 7005 7007 9012
fla_ryl_2_worlds_2019_0000000214.png,10002 11002 11003 12010 12011 12012 13010 13011 2006 2007 3002 3006 3007 4001 4002 7007 8006 8007
fla_ryl_2_worlds_2019_0000000304.png,1003 11011 11012 12011 2003 7007 7008 8006 8008 8010 9008
fla_ryl_2_worlds_2019_0000000409.png,10010 10012 10013 1004 11010 12012 2003 7007 7008 7009 8004 8005 8007 8009 9012
fla_ryl_2_worlds_2019_0000000510.png,10012 1003 11010 11011 11012 12011 2002 2003 2011 3005 5008 6007 6008 7006 7007
fla_ryl_2_worlds_2019_0000000624.png,10009 1003 1013 11007 11008 12008 12009 12010 13009 2003 2013 6007 6008 7007 8007
fla_ryl_2_worlds_2019_0000000744.png,10008 10009 10012 11011 12011 2002 3002 6008 8007 9007 9008 9009 9011
fla_ryl_2_worlds_2019_0000000836.png,13000 13001 13002 2001 2002 3001 3002 3003 3007 3008 3011 4010 4011 7004 8004 8006
fla_ryl_2_worlds_2019_0000000929.png,11011 12001 12011 13009 13010 2004 2005 4008 5006 5007 6008 7007 7008
fla_ryl_2_worlds_2019_0000001052.png,10010 6006 6013 7005 7006 8005 8006 9009 9010
fla_ryl_2_worlds_2019_0000001140.png,1013 2013 4002 6004 6005 7008 7009 7012 8012
fla_ryl_2_worlds_2019_0000001238.png,12008 12009 2003 3003 5006 5007 6007 6008 7006 7007
fla_ryl_2_worlds_2019_0000001330.png,6006 6007 7006 7007 7008 7009 8006 8007 9011 9012
fla_ryl_2_worlds_2019_0000001429.png,10005 12002 12003 13002 3006 4002 4006 5002 5007 6007 6008 7004 7013 9005 9012
fla_ryl_2_worlds_2019_0000001490.png,4012 4013 5005 5006 5013 6006 6007 7007 8006
fla_ryl_3_worlds_2019_0000000043.png,10011 10012 1003 1004 11011 11012 2003 5004 5008 6004 6005 6007 6008 7007
fla_ryl_3_worlds_2019_0000000213.png,1003 1004 11010 12002 12010 12011 13002 2003 2004 4 6007 7006 7007 8006 8007
fla_ryl_3_worlds_2019_0000000355.png,11011 11012 12008 12009 12011 12012 4002 4006 6007 7007
fla_ryl_3_worlds_2019_0000000475.png,12004 12010 12011 13002 13004 5002 5003 5007 5008 6003 6007 6008
fla_ryl_3_worlds_2019_0000000580.png,10012 11001 11002 11012 12001 12002 2001 3001 3002 5006 5007 5008 6005 6006 6007 6008 7005 7006
fla_ryl_3_worlds_2019_0000000698.png,1004 1005 11009 12002 12008 12009 12010 13001 13002 13008 2005 2006 4 6007 7007
fla_ryl_3_worlds_2019_0000000819.png,10012 1002 1003 11008 11011 11012 2002 2003 3002 3003 7006 7007 8006 8007
fla_ryl_3_worlds_2019_0000000901.png,10006 11002 11003 11008 11009 12002 12003 12008 12009 2002 3002 7005 7006 8006 9006
fla_ryl_3_worlds_2019_0000000995.png,1006 11005 11006 11007 12005 12006 12007 12008 5 6
lk_mg_2_worlds_2019_0000000008.png,3004 3005 3012 3013 4012 4013 6006 6007 7006 7007 9011 9012
lk_mg_2_worlds_2019_0000000154.png,10012 1004 1012 3001 3002 4001 4002 6006 6007 7006 7007 7011 7012 8012 9011 9012
lk_mg_2_worlds_2019_0000000228.png,11011 11012 12011 12012 2004 2005 7007 8007 8009
lk_mg_2_worlds_2019_0000000383.png,10012 10013 11012 2003 3003 3006 4006 7007 8007 9012 9013
lk_mg_2_worlds_2019_0000000482.png,10012 10013 11012 3002 3003 4002 7008 8010 8011 9012 9013
lk_mg_2_worlds_2019_0000000570.png,10010 10011 10012 3003 3004 7007 7008 8007 8009 8010 9011
lk_mg_2_worlds_2019_0000000685.png,12009 12010 13010 2012 6008 6009
lk_mg_2_worlds_2019_0000000747.png,4001 4002 4005 5002 5007 5008 6005 8012 8013
lk_mg_2_worlds_2019_0000000873.png,2004 2012 2013 3003 3004 3012 5009 5010 6008 6009 7008
lk_mg_2_worlds_2019_0000000928.png,10010 10011 11010 11011 2002 2003 3002 3003 8008 8009 8010 8011 8012 9008 9009 9011
lk_mg_2_worlds_2019_0000001011.png,4003 4004 7007 8006 8007 9008 9009 9011
lk_mg_2_worlds_2019_0000001136.png,1012 1013 13007 13008 2012 3007 4007
lk_mg_2_worlds_2019_0000001224.png,11006 12006 5006 5007 7006 7007
hka_isg_1_2019_0000000139.png,10009 10010 1003 1004 12010 12011 2004 4005 4006 7006 7007
hka_isg_1_2019_0000000160.png,10007 1003 11002 11003 11011 12002 12010 12011 2002 2003 7006 7007 8006 9007
hka_isg_1_2019_0000000209.png,1003 1004 1010 11010 11011 12010 12011 2003 6007 7005 7007
hka_isg_1_2019_0000000304.png,10008 11008 12010 12011 12012 13010 2003 3003 3006 4006 7006 7007
hka_isg_1_2019_0000000423.png,1002 11012 12006 12007 12011 12012 13006 2002 2003 3002 6006 8005 8006 8011 8012 9006
hka_isg_1_2019_0000000590.png,10006 11007 11008 11009 11010 12007 12008 13007 13008 4005 5005 6002 7002 7006 7007 8008 8009 9006 9008 9009
hka_isg_1_2019_0000000600.png,10010 11007 11010 12001 13001 3001 3002 8005 8006 9009 9010
hka_isg_1_2019_0000000811.png,11007 11011 11012 12010 12011 2002 3002 4008 5002 5003 6008 7007 7008 9005
hka_isg_1_2019_0000000821.png,11007 11008 11009 11011 11012 12009 4002 4003 4004 5002 7007 8006 8007
hka_isg_1_2019_0000000832.png,10007 12010 13008 13010 3002 5003 6002 6003 9005 9006 9008
hka_isg_2_2019_0000000013.png,2012 2013 3013 4007 4008 5007 5008 8009 8010
hka_isg_2_2019_0000000056.png,10011 10012 11007 11008 12011 12012 3002 3003 3004 6009 6010 7007 7010
hka_isg_2_2019_0000000337.png,1013 11011 11012 12011 2002 2003 3002 3003 6008 7007 7008 8010 9008 9009 9010
hka_isg_2_2019_0000000366.png,11012 12011 12012 13001 2002 2003 3002 4002 5008 6006 6007 7006 8006
hka_isg_2_2019_0000000486.png,11009 12009 12010 12011 12012 3002 4003 6007 7004 7005 7006 7007 7011 7012 8004 8005 8006 8011 8012
hka_isg_2_2019_0000000613.png,10006 1002 1003 11010 12010 12011 2002 2003 3002 4002 8006 8011 8012
hka_isg_2_2019_0000000614.png,10006 10010 1002 1003 12011 3002 7006 7007 8006 8011 8012
hka_isg_2_2019_0000001018.png,10006 10007 11007 11008 12007 13001 13007 2001 2002 3001 3002 4001 4002 8005 8009 8010 9008
hka_isg_2_2019_0000001083.png,10005 10006 12001 3008 4009 6007 7002 7003 7007 7011 8006 9005
hka_isg_2_2019_0000001187.png,12001 12007 3005 3006 3010 4006 4010 7009 8002 8005 9002 9005
hka_isg_3_2019_0000000020.png,10006 10008 11008 2004 6008 7007 9006
hka_isg_3_2019_0000000096.png,10006 11012 12011 12012 2003 3002 7006 7007 7012 8006 8012 9006
hka_isg_3_2019_0000000307.png,10012 10013 1004 11003 12001 2003 2004 5005 5006 5010 5011 6009 7006 7007 9012 9013
hka_isg_3_2019_0000000513.png,11002 13009 13010 2005 2012 3005 3008 4005 4009 7007 7008
hka_isg_3_2019_0000000641.png,10012 10013 3002 3003 4002 4003 4010 5009 5010 6002 6003 7007 8007 8011 8012
hka_isg_3_2019_0000000996.png,1011 1012 2003 2004 2011 2012 2013 3003 3004 3005 4003 4004
hka_isg_3_2019_0000001106.png,10004 10009 10012 11008 11009 13001 7007 8007 9009
hka_isg_3_2019_0000001250.png,10010 10011 11007 11008 6001 6002 6007 6009 6010 7007 7009 7010 7011 8009 8010 8011 9008 9009 9010 9011
hka_isg_3_2019_0000001675.png,10007 10008 11011 12001 12002 13001 5008 5009 6008 6009 6012 7012 8013 9007 9008 9013
hka_isg_3_2019_0000001687.png,10009 10010 10011 10012 11011 11012 4010 6008 6009 7009 9010 9011
hka_isg_4_2019_0000000118.png,10007 10008 1003 1004 1013 11007 11008 12010 2003 2010 2011 6007 6008 7007
hka_isg_4_2019_0000000123.png,10009 10010 1004 11010 12010 13010 2003 2004 2009 2012 2013 3009 3013 6008 7007 7008
hka_isg_4_2019_0000000168.png,10009 10012 1004 11011 11012 11013 2003 2004 6007 6009 7007 8008 8009 9008 9009
hka_isg_4_2019_0000000424.png,1013 3003 3004 3005 4004 4005 5005 5007 6007
hka_isg_4_2019_0000000433.png,1002 2002 3002 3008 4007 4008 4012 4013 5003 5004 5005 5012 5013 6005 7006 7007
hka_isg_4_2019_0000000477.png,11009 12009 12010 12011 13010 13011 3003 3004 3006 3007 4003 4004 7007 8006 8007
hka_isg_4_2019_0000000848.png,1008 2008 3009 4009 6007 6008 7006 8006 8008
hka_isg_4_2019_0000001075.png,1006 1008 2006 3007 6006 6007 6008 6010 7006 7010
hka_isg_4_2019_0000001088.png,10009 12006 12007 13001 13006 13007 2009 5006 7007 9009
hka_isg_4_2019_0000001189.png,10012 10013 11008 4004 4005 5008 6008 6009 7002 7003 7005 7006 8005 8006
spy_uol_2_2019_0000000022.png,12009 12010 2005 3005 4003 5003 5009 6003 6004 6005 6007 6008 7005 7011 7012 8012
spy_uol_2_2019_0000000344.png,1013 11011 11012 12009 12010 13009 13010 2013 3001 3002 4001 4008 5001 5002 7006 7007 8006 8007 8009
spy_uol_2_2019_0000000530.png,1013 11002 11006 12002 12005 12006 12009 12010 13005 13010 13011 4001 4002 4005 5006 7007
spy_uol_2_2019_0000000550.png,10004 11004 3005 3006 4005 4006 5006 5007 6011
spy_uol_2_2019_0000000637.png,10007 10008 11007 11008 12008 12009 5006 6004 6005 6006 8006 8007 8008 9007 9008 9009
spy_uol_2_2019_0000000738.png,12009 12010 12011 4001 4002 5001 5002 5008 5009 6009 7007 8011 8012
spy_uol_2_2019_0000000950.png,10009 11004 11005 11008 12004 12008 12009 13001 5011 6007 7002 7006 7007
spy_uol_2_2019_0000001112.png,11007 12007 4004 4005 5004 5005 6005 6006 6007
spy_uol_2_2019_0000001127.png,4005 5004 5005 6005
spy_uol_2_2019_0000001197.png,5002 6005 7005 7006 7007 8006
spy_uol_3_2019_0000000022.png,12007 12008 12009 13009 4005 4006 5005 5006 6005 7004 7005 7009 7010 7011 8005
spy_uol_3_2019_0000000072.png,11007 11008 11009 11012 12009 2003 3002 3003 3006 3007 7007 8006 8007
spy_uol_3_2019_0000000179.png,11011 11012 12010 12011 13011 2003 2004 4001 5001 6001 6008 7001 7007 8011
spy_uol_3_2019_0000000367.png,10001 10012 11001 12001 13001 13002 3003 3004 4006 5006
spy_uol_3_2019_0000000378.png,11012 13001 13004 3003 4003 6001 6002 7001 7002 7007
spy_uol_3_2019_0000000425.png,11010 12009 12010 12011 13009 2003 4004 4005 5008 8009 9011
spy_uol_3_2019_0000000704.png,10006 10012 1003 1004 11005 2003 8006 8007
spy_uol_3_2019_0000000779.png,11005 11006 11011 11012 12009 12010 12011 3001 3002 7005 8004 8005 8006 9004 9005
spy_uol_3_2019_0000001257.png,10004 11002 11003 11004 11006 12004 12005 12007 8002 9002 9003 9005 9006
spy_uol_3_2019_0000001318.png,10001 10002 10003 10004 11003 11004 12001 12002 8004 8005 8006 9001 9002 9006
spy_uol_4_2019_0000000205.png,11000 11001 11011 11012 12011 12012 2003 3010 4010 7009 7010 8006
spy_uol_4_2019_0000000403.png,10011 10012 11012 11013 12010 12011 3002 4002 6007 7007 8012 9001 9002 9012
spy_uol_4_2019_0000000666.png,10012 1013 11012 3012 3013 5003 6003 6004 7006 7007 8004 8007 8008
spy_uol_4_2019_0000000741.png,10009 10010 10012 11009 11010 12008 12009 5003 6001 7002 7003
spy_uol_4_2019_0000000763.png,11009 12009 12010 13010 4001 4002 8006 9007
spy_uol_4_2019_0000000766.png,12009 12010 13002 13003 4001 5001 5002 6006 7006 8006 9007 9008
spy_uol_4_2019_0000001328.png,10012 1013 11012 2002 5002 5008 5009 6008 6009 7008 8002 8004 8005 8006 8007 9005
spy_uol_4_2019_0000001351.png,12009 2010 3010 4003 4010 4011 5003 6007 8005 8006 9005
spy_uol_4_2019_0000001367.png,11011 3006 4002 6007 6008 7007 8006 8007 9008 9009
spy_uol_4_2019_0000001568.png,7008 7009 8008 8009 8010 8011 9009 9010
spy_uol_5_2019_0000000187.png,11012 12011 12012 2003 3003 4004 4005 6006 6007 6008 7007 8011 8012
spy_uol_5_2019_0000000247.png,10012 10013 2003 5006 5007 8009
spy_uol_5_2019_0000000473.png,10012 10013 1012 1013 11012 11013 12 12012 13 2002 6002 6003 7007 7008 9013
spy_uol_5_2019_0000000645.png,10012 10013 3002 4001 4002 5009 5010 6007 6008 7007 8013 9012 9013
spy_uol_5_2019_0000000702.png,11010 11011 12010 13009 13010 2004 2005 3004 4007 5007 6006 6007 7007
spy_uol_5_2019_0000000802.png,10003 10004 1004 1005 12009 12010 13007 13008 2003 2004 2005 4005 4007 5005 5006 7008
spy_uol_5_2019_0000000996.png,3007 4004 4005 4007 5004 5005 5007 6006 6008
spy_uol_5_2019_0000001572.png,10006 10007 10011 3007 3008 3011 4008 4011 5009 6006 6009 6010 7007 7009 7010 8006 8007 9006 9007
spy_uol_5_2019_0000001605.png,11009 11010 12007 8006 9005 9006
spy_uol_6_2019_0000000201.png,11011 11012 12011 13011 2002 2003 3003 3010 3011 6007 7006 7007 8006 8007
spy_uol_6_2019_0000000397.png,10012 10013 1004 11001 11011 12011 12012 2004 2012 3005 3012 4009 7006 8006
spy_uol_6_2019_0000000496.png,10008 10009 11010 12002 12003 12010 13003 13007 13008 2001 2002 2003 8006
spy_uol_6_2019_0000000727.png,11007 11008 5001 5003 6001 6005 7001 7005 7006 7007 8007 8008 9004 9005
spy_uol_6_2019_0000000822.png,10011 10012 11010 11011 11012 7002 7009 7010 7011 7012 8009 8011 8012 9002 9009
spy_uol_6_2019_0000001234.png,10003 10004 11003 11004 4001 5001 9004 9005
spy_uol_6_2019_0000001247.png,10002 10003 10004 10009 10010 11004 11005 12004 12005 5001 5002 6001 6002 7009 7010 9002 9009 9010
spy_uol_6_2019_0000001332.png,10003 10004 10006 10007 11002 11003 11004 11005 11006 11007 12001 12002 5010 5011 6010 7003 8006 8012 8013 9012
spy_uol_6_2019_0000001397.png,10003 10004 4009 4010 5009 6008 7002 7003 8009 9002 9003 9004
spy_uol_6_2019_0000001497.png,5008 6006 6007 6008 7006 7007 8006 8007
